,name,lat,lon
0,Pioneer Networks,52.141899,5.583035
1,Pioneer Networks,53.334869,6.516187
2,Pioneer Networks,52.692184,5.056780000000001
3,Pioneer Networks,52.50573000000001,4.98528
4,Pioneer Networks,51.947071,6.02425
5,NextGen Technologies,52.897564,5.583602
6,NextGen Technologies,52.322636,4.972053
7,NextGen Technologies,52.074196,5.095043
8,NextGen Technologies,53.173977,6.208481
9,NextGen Technologies,52.1436,5.045227
10,Global Group,52.088352,4.870138
11,Global Group,51.979279,5.794896
12,Global Group,52.214283,5.28576
13,Global Group,52.365601,5.2562050000000005
14,Global Group,51.577759,4.739487
20,Dynamic Industries,51.563255,5.074061
21,Dynamic Industries,52.081909,5.4129830000000005
22,Dynamic Industries,51.548477,4.9419830000000005
23,Dynamic Industries,52.33506,5.218558
24,Dynamic Industries,52.093933,6.159277
25,Dynamic Industries,51.658741,5.034669999999999
26,Dynamic Industries,51.645988,5.6250860000000005
27,Dynamic Industries,52.262096,4.6197870000000005
28,Dynamic Industries,53.225334,6.527607
29,Swift Technologies,52.662872,4.830618
30,Swift Technologies,51.285656,4.061816
31,Swift Technologies,51.944427000000005,5.518607
32,Swift Technologies,51.685421000000005,5.132130999999999
33,Swift Technologies,52.097641,4.59135
34,Swift Technologies,51.819469,4.696564
35,Swift Technologies,51.422722,5.558636
36,Swift Technologies,51.921959,4.610666
37,Swift Networks,52.671711,5.0915870000000005
38,Swift Networks,52.944752,4.742342
39,Swift Networks,52.345863,4.811772
40,Swift Networks,51.49358,4.311092
41,Swift Networks,51.958275,5.568021
42,Swift Networks,53.239689,5.995437
43,Swift Networks,52.061275,5.576127
44,Innovative Solutions,52.162647,4.53262
45,Innovative Solutions,51.830463,5.813569
46,Innovative Solutions,53.224689,6.562475
47,Innovative Solutions,53.235546,6.549915
48,Innovative Solutions,53.230927,6.544728
49,Innovative Solutions,51.965778,4.56236
50,Innovative Solutions,52.692184,5.056780000000001
51,Global Technologies,52.506088,6.26204
52,Global Technologies,52.892761,6.1427
53,Global Technologies,52.396835,4.951975
54,Global Technologies,52.381847,4.855705
55,Global Technologies,52.60591899999999,4.7117510000000005
56,Global Technologies,51.947071,6.02425
57,Global Technologies,51.352131,5.468651
58,Global Enterprises,51.774372,4.6749540000000005
59,Global Enterprises,51.785801,4.67694
60,Global Enterprises,52.377754,4.618129
61,Global Enterprises,52.169071,5.281478
62,Global Enterprises,52.510326,5.073955000000001
63,Global Enterprises,51.798405,5.024983
64,Global Enterprises,52.355858000000005,4.910694
65,Global Enterprises,52.358513,4.989847
72,Elite Ventures,52.719086,6.451782
73,Elite Ventures,51.794071,4.704205
74,Elite Ventures,52.134266,5.029293
75,Elite Ventures,52.058346,4.506284
76,Elite Ventures,51.862389,6.047346
77,Elite Ventures,51.935596,4.603708999999999
78,Green Enterprises,53.171558,5.79396
79,Green Enterprises,51.642273,4.853041
80,Green Enterprises,51.997402,4.350919
81,Green Enterprises,51.826839,4.8332440000000005
82,Green Enterprises,51.596615,6.010364
83,Visionary Partners,52.201824,4.425641000000001
84,Visionary Partners,52.11208,4.287297
85,Visionary Partners,52.157463,5.395512999999999
86,Visionary Partners,52.663513,6.738163
87,Visionary Partners,50.857361,6.027091
88,Visionary Partners,53.196468,5.792408999999999
89,Visionary Ventures,51.473125,5.545992
90,Visionary Ventures,51.561028,5.105252
91,Visionary Ventures,51.978542,5.662942
92,Visionary Ventures,51.587292,4.314086
93,Visionary Ventures,51.460587,5.470428
94,Visionary Ventures,52.050022,5.23329
95,Visionary Ventures,53.103565,7.007317
96,Visionary Ventures,52.465271,5.996761
97,Visionary Ventures,53.27536,5.65745
98,Visionary Ventures,52.369431,4.902561
99,Visionary Ventures,52.500275,4.7678970000000005
100,Visionary Ventures,51.890999,6.38221
101,Visionary Ventures,52.417385,4.892918
102,Visionary Ventures,53.05868100000001,6.206062
103,Visionary Ventures,52.351871,4.653853
104,Visionary Ventures,53.187496,5.550603
105,Visionary Ventures,52.53076899999999,4.708856
106,Visionary Ventures,53.162689,6.390552
107,Visionary Ventures,52.352077,5.1391800000000005
108,Visionary Ventures,52.950996,6.44759
109,Visionary Ventures,51.864212,4.993211
110,Visionary Ventures,51.578388,4.739012000000001
111,Innovative Industries,51.972572,5.733727
112,Innovative Industries,51.772125,5.536838
113,Innovative Industries,50.907101,5.783562
114,Innovative Industries,50.96801,5.765977
115,Innovative Industries,51.946819,4.852675
116,Innovative Industries,51.419823,5.681571
117,Innovative Industries,52.080544,4.26788
118,Innovative Industries,52.248264,6.215291000000001
119,Innovative Industries,53.161324,6.391243
120,Innovative Industries,53.33301899999999,6.927560000000001
121,Innovative Industries,51.98605,6.567434
122,Innovative Industries,51.969475,6.296354
123,Innovative Industries,53.256824,5.764418
124,Innovative Industries,50.971111,5.840834
125,Innovative Industries,51.874161,4.468471
126,Innovative Industries,52.102875,4.278647
127,Innovative Industries,52.354774,6.487099
128,Innovative Industries,51.953533,4.58449
129,Innovative Industries,53.138874,6.428666000000001
130,Innovative Industries,51.971794,5.728239
131,Innovative Industries,52.690727,5.228179
132,Innovative Industries,52.212837,5.284938
157,Pioneer Corporation,51.609413,5.142735
158,Pioneer Corporation,51.98605,6.567434
159,Pioneer Corporation,52.318287,4.865719
160,Pioneer Corporation,52.221352,6.898242999999999
161,Pioneer Corporation,53.323051,5.998163
162,Pioneer Corporation,52.651489,5.086193
163,Pioneer Corporation,51.465488,3.58233
164,Pioneer Corporation,52.04406,4.25925
165,Pioneer Corporation,51.773911,5.103319
166,Pioneer Corporation,52.066723,4.245369999999999
167,Pioneer Corporation,53.244514,6.40646
168,Pioneer Corporation,52.875168,7.059699
169,Pioneer Corporation,51.676411,5.059016000000001
170,Pioneer Corporation,52.292458,6.577825
171,Pioneer Corporation,52.047665,5.671479
172,Pioneer Corporation,51.997402,4.350919
173,Pioneer Corporation,52.158409000000006,5.379532
174,Pioneer Corporation,52.77819399999999,6.8971
175,Pioneer Corporation,51.767342,5.872963
176,Pioneer Corporation,51.482815,5.13783
177,Innovative Ventures,52.986996,6.844786999999999
178,Innovative Ventures,52.109234,5.1747
179,Innovative Ventures,51.243427,5.707866
180,Innovative Ventures,52.362484,4.939544000000001
181,Innovative Ventures,52.080627,5.489845
182,Innovative Ventures,52.492485,4.692416000000001
183,Innovative Ventures,52.115517,5.127659
184,Innovative Ventures,51.893074,4.162915
185,Innovative Ventures,51.348106,5.550733
186,Innovative Ventures,52.074299,5.094664
187,Innovative Ventures,52.582375,6.639202
188,Innovative Ventures,52.064671,5.136703
189,Innovative Ventures,51.558174,5.088768
190,Innovative Ventures,52.303177000000005,4.677549
191,Innovative Ventures,52.94503,5.93659
192,Innovative Ventures,51.828537,4.327096
193,Innovative Ventures,51.950188,4.553647
194,Innovative Ventures,52.722237,4.738335
195,Innovative Ventures,52.358513,4.989847
196,Innovative Ventures,51.992867,4.205607
197,Innovative Ventures,51.979038,5.79541
198,Innovative Ventures,52.379044,4.749952
199,Innovative Ventures,53.19179499999999,5.992176000000001
200,Innovative Ventures,51.471779,5.66213
201,Innovative Ventures,53.18526800000001,5.79005
202,Dynamic Group,52.041187,5.078105
203,Dynamic Group,53.22758100000001,6.599025
204,Dynamic Group,52.079704,5.038055
205,Dynamic Group,51.602097,4.105913
206,Dynamic Group,52.356773,6.661183
207,Dynamic Group,53.09431800000001,5.830876
208,Dynamic Group,52.032318,5.180756
209,Dynamic Group,52.009113,4.364719999999999
210,Dynamic Group,51.489288,5.472738
211,Dynamic Group,51.59066,5.0787510000000005
212,Dynamic Group,52.016609,4.53397
213,Dynamic Group,52.346043,4.863383
214,Dynamic Group,50.818241,6.010276999999999
215,Dynamic Group,51.485909,4.309346
216,Dynamic Group,52.001022,4.330551
217,Dynamic Group,52.772167,5.106915
218,Dynamic Group,52.302532,5.254082
219,Dynamic Group,52.458237,4.799123000000001
220,Dynamic Group,52.260548,4.558776
221,Dynamic Group,52.356773,6.661183
222,Dynamic Group,52.036205,5.071883000000001
223,Dynamic Group,51.8102,4.63733
224,Dynamic Group,53.16348299999999,6.772923
225,Dynamic Group,52.37421,4.52795
226,Dynamic Group,52.13525,4.65054
227,Global Ventures,51.505951,4.29426
228,Global Ventures,53.0644,5.520002
229,Global Ventures,51.750919,5.885168
230,Global Ventures,53.334042,6.520118
231,Global Ventures,51.647255,4.832754
232,Global Ventures,51.826221,4.759817
233,Global Ventures,50.925522,5.931202
234,Global Ventures,51.880787,5.706499
235,Global Ventures,53.378777,5.253602
236,Global Ventures,50.894142,6.060411
237,Global Ventures,52.513889,6.0866430000000005
238,Global Ventures,50.848465,5.676737
239,Global Ventures,52.065598,4.319516
240,Global Ventures,51.934631,6.1304
241,Global Ventures,52.349895,4.939671
242,Global Ventures,52.144226,6.195166
243,Visionary Technologies,52.51309200000001,5.721375
244,Visionary Technologies,52.961308,5.808165
245,Visionary Technologies,51.275429,4.0527
246,Visionary Technologies,52.231731,5.98015
247,Visionary Technologies,52.348457,6.650421000000001
248,Visionary Technologies,52.029751,5.543731
249,Visionary Technologies,52.224621,4.674318
250,Visionary Technologies,50.977573,5.765018
251,Visionary Technologies,52.037048,4.636224
252,Visionary Technologies,52.12817,4.661505
253,Visionary Technologies,53.262493000000006,5.758945
254,Visionary Technologies,53.162785,6.743613000000001
255,Visionary Technologies,51.770145,5.514526999999999
256,Visionary Technologies,52.352539,4.855586
257,Visionary Technologies,52.011696,4.530617
258,Visionary Technologies,51.476162,5.706247
259,Visionary Technologies,52.201115,5.931297
260,Visionary Technologies,52.045479,4.725994
261,Visionary Technologies,52.128269,5.20987
262,Green Networks,52.65576899999999,4.75776
263,Green Networks,53.100639,6.87555
264,Green Networks,51.587162,5.334548000000001
265,Green Networks,51.523144,4.272263
266,Green Networks,52.484772,4.666244
267,Green Networks,51.997501,5.311703
268,Green Networks,51.59325,4.799486
269,Green Networks,52.155128000000005,4.494127
270,Green Networks,51.862389,6.047346
271,Green Networks,52.015602,5.121546
272,Green Networks,51.538704,5.628766000000001
273,Green Networks,52.386963,4.621999
274,Green Networks,52.133644,6.610428
275,Green Networks,52.164272,6.755087
276,Green Networks,51.853687,4.47939
277,Green Networks,51.850735,4.368372
278,Green Networks,51.924789,4.5136400000000005
279,Green Networks,53.389423,5.30609
280,Green Networks,51.794048,5.650295
281,Green Networks,52.958828,5.925816
315,Innovative Group,51.824883,5.0489370000000005
316,Innovative Group,50.895817,5.733605000000001
317,Innovative Group,51.627678,4.942178
318,Innovative Group,51.636314,4.369947
319,Innovative Group,51.605865,5.871896
320,Innovative Group,51.310009,3.3802550000000005
321,Innovative Group,52.878502000000005,6.005416
322,Innovative Group,50.916584,6.050267
323,Innovative Group,51.442226,5.408455
324,Innovative Group,52.632267000000006,4.751939
325,Innovative Group,51.423817,5.568948000000001
326,Innovative Group,52.29858,5.145993
327,Innovative Group,52.705948,4.818594
328,Innovative Group,52.268555,5.183967
329,Innovative Group,51.695564000000005,5.2187410000000005
330,Innovative Group,53.11142,6.885773
331,Innovative Group,52.175461,4.5071900000000005
332,Innovative Group,52.573502000000005,6.290905
333,Innovative Group,51.842236,4.323601
359,Elite Consulting,52.958828,5.925816
360,Elite Consulting,51.453442,3.5664800000000003
361,Elite Consulting,50.818241,6.010276999999999
362,Elite Consulting,51.982758,5.911406
363,Elite Consulting,52.953949,4.771853
364,Elite Consulting,51.931137,5.7112050000000005
365,Elite Consulting,51.822208,4.777642
366,Elite Consulting,52.989479,6.29171
367,Elite Consulting,53.248753,6.601922
368,Elite Consulting,51.819405,5.865092
369,Elite Consulting,51.85001,4.64522
370,Elite Consulting,52.381847,4.888516
371,Elite Consulting,52.39645,5.25779
372,Elite Consulting,51.689766,5.145245
373,Elite Consulting,51.798405,5.024983
374,Elite Consulting,52.988567,6.580531
375,Elite Consulting,52.219414,4.433378
376,Elite Consulting,52.572723,6.290987
377,Elite Consulting,51.515957,4.7027470000000005
378,Elite Consulting,52.260872,7.0075330000000005
379,Green Technologies,52.359840000000005,4.861943
380,Green Technologies,52.851952,5.02314
381,Green Technologies,52.862076,4.831185
382,Green Technologies,51.523144,4.272263
383,Green Technologies,51.75919,5.738881
384,Green Technologies,52.892761,6.1427
385,Green Technologies,51.488247,4.291377
386,Green Technologies,52.529091,6.10162
387,Green Technologies,51.829483,5.927147
388,Green Technologies,52.72476999999999,6.991792
389,Green Technologies,52.231236,5.980743
390,Green Technologies,53.194008,5.783758
391,Green Technologies,51.94379,4.3814470000000005
392,Green Technologies,51.831219,4.975046
393,Green Technologies,52.097641,4.59135
394,Green Technologies,52.304951,4.69479
395,Green Technologies,51.884361,5.244509
396,Green Technologies,50.863579,5.68845
434,Pioneer Partners,53.188854000000006,5.995161
435,Pioneer Partners,51.605827000000005,5.446227
436,Pioneer Partners,52.227039000000005,6.193849
437,Pioneer Partners,52.359768,4.891746
438,Pioneer Partners,52.57621,6.617780000000001
439,Pioneer Partners,52.031036,5.646807
440,Pioneer Partners,53.062256000000005,4.761728
441,Pioneer Partners,51.578388,4.739012000000001
442,Pioneer Partners,52.155167,5.385815
443,Pioneer Partners,51.196342,5.994518
444,Pioneer Partners,50.85022,5.666505
445,Pioneer Partners,51.582977,5.176495
446,Pioneer Partners,52.364265,4.855049
447,Pioneer Partners,53.256824,5.764418
448,Pioneer Partners,50.975815,5.861328
449,Pioneer Partners,52.210705,5.975838
450,Pioneer Partners,50.85022,5.666505
451,Pioneer Partners,52.449478000000006,4.597445
452,Pioneer Partners,51.310009,3.3802550000000005
453,Green Solutions,52.343468,4.906007
454,Green Solutions,51.318382,5.357187000000001
455,Green Solutions,51.928322,4.372662999999999
456,Green Solutions,52.570549,5.644227
457,Green Solutions,51.855518,4.357069999999999
458,Green Solutions,51.53249,4.56255
459,Green Solutions,51.85582,4.389601
460,Green Solutions,51.774246000000005,5.56752
461,Green Solutions,52.153896,6.7444
462,Green Solutions,52.443459,4.8194300000000005
463,Green Solutions,50.866188,5.834035
464,Green Solutions,52.38052,4.622766
465,Green Solutions,51.470276,5.477987000000001
466,Green Solutions,51.958382,5.571225
467,Green Solutions,52.35788,4.895567
468,Green Solutions,51.424797,4.323448
469,Green Solutions,51.873917,4.490412
470,Green Solutions,51.608822,4.788705
471,Green Solutions,52.510071,5.473269999999999
472,Green Solutions,51.481232,5.68052
473,Pioneer Industries,52.077965,4.305524
474,Pioneer Industries,52.643288,5.052366
475,Pioneer Industries,51.486374,3.617766000000001
476,Pioneer Industries,52.378613,4.845948
477,Pioneer Industries,53.217716,5.943764
478,Pioneer Industries,52.064777,4.402108
479,Pioneer Industries,52.081661,4.87656
480,Pioneer Industries,51.545261,5.18237
481,Pioneer Industries,52.379044,4.749952
482,Pioneer Industries,52.392948,6.286877
483,Pioneer Industries,53.194424,5.99256
484,Pioneer Industries,53.164444,6.785957000000001
485,Pioneer Industries,51.528774,5.634476
486,Pioneer Industries,52.459358,4.821031
487,Pioneer Industries,51.347782,5.551578
488,Pioneer Industries,52.015282,4.692332
514,Innovative Corporation,51.903118,4.496199
515,Innovative Corporation,52.045902000000005,5.670184
516,Innovative Corporation,52.34174,4.964302
517,Innovative Corporation,52.079853,5.037851
518,Innovative Corporation,52.758904,5.074035
519,Innovative Corporation,50.863644,5.654949
520,Innovative Corporation,52.085697,4.3729830000000005
521,Innovative Corporation,52.235428000000006,6.099551
522,Innovative Corporation,51.477718,5.49303
523,Innovative Corporation,52.045517,4.391441
524,Innovative Corporation,51.627045,4.944328
525,Innovative Corporation,52.5089,4.95564
526,Innovative Corporation,52.671276,4.701332
527,Innovative Corporation,51.712685,5.313683
528,Innovative Corporation,52.337284,5.217697
529,Innovative Corporation,52.17374,5.39037
530,Innovative Corporation,51.442043,5.502804
531,Innovative Corporation,51.929279,6.347772
532,Innovative Corporation,51.600327,3.848471
533,Innovative Corporation,51.906288,5.565786
534,Innovative Corporation,52.118969,5.10046
535,Innovative Corporation,51.837318,4.961364
536,NextGen Solutions,52.389343,6.040316000000001
537,NextGen Solutions,51.623463,4.743399
538,NextGen Solutions,51.81834,4.523231
539,NextGen Solutions,51.710255,5.366156
540,NextGen Solutions,51.519051,4.70267
541,NextGen Solutions,52.367393,4.901857
542,NextGen Solutions,52.374508,5.220825
543,NextGen Solutions,52.458237,4.799123000000001
544,NextGen Solutions,52.575459,5.933269999999999
545,NextGen Solutions,51.986858000000005,4.5838
546,NextGen Solutions,52.961308,5.808165
547,NextGen Solutions,52.898197,4.754276
548,NextGen Solutions,52.191921,6.88087
549,NextGen Solutions,51.886402,4.546346
550,NextGen Solutions,52.366798,4.893765
551,NextGen Solutions,51.90921,4.317565
575,Modern Consulting,51.645866,4.451762
576,Modern Consulting,52.520481,5.48482
577,Modern Consulting,52.294079,4.579231
578,Modern Consulting,51.808662,3.932726
579,Modern Consulting,51.519051,4.70267
580,Modern Consulting,53.035496,5.667408999999999
581,Modern Consulting,51.972572,5.733727
582,Modern Consulting,50.937962,5.9705
583,Modern Consulting,52.106159000000005,5.01302
584,Modern Consulting,52.437275,4.878467
585,Modern Consulting,52.284588,6.828823
586,Modern Consulting,51.958302,4.544951
587,Modern Consulting,51.947071,6.02425
588,Modern Consulting,53.244484,6.409866
589,Modern Consulting,53.173553000000005,6.610453
590,Modern Consulting,52.143841,4.67468
591,Modern Consulting,52.052681,4.23434
592,Modern Consulting,52.15419,6.743992
593,Modern Consulting,52.372833,4.89944
594,Modern Consulting,52.384907,5.22411
595,Modern Consulting,52.061245,5.57616
596,Modern Consulting,51.529076,5.632431
597,Innovative Enterprises,51.986473,5.848464
598,Innovative Enterprises,52.052189,6.308805
599,Innovative Enterprises,52.310486,5.033738
600,Innovative Enterprises,52.030029,5.549528
601,Innovative Enterprises,51.577827,5.005621
602,Innovative Enterprises,51.7789,5.932022
603,Innovative Enterprises,51.842445,4.15271
604,Innovative Enterprises,51.552349,5.105980000000001
605,Innovative Enterprises,52.289291,4.869137
606,Innovative Enterprises,52.396835,4.951975
607,Innovative Enterprises,52.337284,5.217697
608,Innovative Enterprises,51.715248,5.30316
609,Innovative Enterprises,53.10564399999999,6.873989
610,Innovative Enterprises,51.942631,5.518312
611,Innovative Enterprises,52.383263,4.6042510000000005
612,Innovative Enterprises,52.084949,4.342745
613,Innovative Enterprises,51.441257,5.478943
614,Innovative Enterprises,52.076542,4.543149
615,Innovative Enterprises,52.186314,4.421666
616,Innovative Enterprises,53.001049,6.931624
617,Innovative Enterprises,52.137367,5.427718
618,Innovative Enterprises,51.960049,6.734117
619,Innovative Enterprises,51.98082,4.582866
620,Innovative Enterprises,52.288662,5.970119
621,Global Consulting,52.517265,6.106407
622,Global Consulting,52.459824,6.570889
623,Global Consulting,51.809673,5.724861
624,Global Consulting,53.29565,6.154274
625,Global Consulting,51.797886,4.491061
626,Global Consulting,52.394558,5.280799
627,Global Consulting,52.002438,5.4611220000000005
628,Global Consulting,51.791321,4.66421
629,Global Consulting,52.939232,4.739782
630,Global Consulting,51.994484,5.186083
631,Global Consulting,51.939671,4.35309
632,Global Consulting,52.764011,6.886513000000001
633,Global Consulting,51.577759,4.739487
634,Global Consulting,52.3894,4.879656
635,Global Consulting,52.377937,4.6186940000000005
636,Global Consulting,52.49845500000001,6.084694
637,Global Consulting,52.346272,6.643908000000001
638,Global Consulting,50.906078,6.024173
639,Global Consulting,52.591843,4.689241
640,Global Consulting,52.167759,5.40479
641,Global Consulting,51.832241,5.780225
642,Global Consulting,51.523899,5.485126
643,Global Consulting,51.442043,5.502804
644,Visionary Enterprises,51.465256,3.604443
645,Visionary Enterprises,51.587612,5.33501
646,Visionary Enterprises,53.204273,6.562594
647,Visionary Enterprises,51.994484,5.186083
648,Visionary Enterprises,52.253384,4.764716
649,Visionary Enterprises,51.751659,5.746917
650,Visionary Enterprises,51.845432,4.629938
651,Visionary Enterprises,51.920513,6.359994
652,Visionary Enterprises,52.33197,5.54135
653,Visionary Enterprises,51.570385,5.054236
654,Visionary Enterprises,52.306126,4.752974
655,Visionary Enterprises,52.06691,4.478458
656,Visionary Enterprises,51.701893,4.846774
657,Visionary Enterprises,51.196342,5.994518
658,Visionary Enterprises,52.144726,4.40342
659,Visionary Enterprises,53.213657,6.276358999999999
660,Visionary Enterprises,51.833374,4.130598
661,Visionary Enterprises,52.310688,4.763243
662,Elite Solutions,52.195808,5.143331
663,Elite Solutions,50.85022,5.666505
664,Elite Solutions,52.493851,5.072132
665,Elite Solutions,52.574863,6.642352000000001
666,Elite Solutions,51.943691,6.129494
667,Elite Solutions,51.419102,5.440903
668,Elite Solutions,51.941391,6.006349
669,Elite Solutions,52.996838,6.566601
670,Elite Solutions,52.240181,5.11451
671,Elite Solutions,53.174202,5.412526000000001
672,Elite Solutions,53.025894,4.752861
673,Elite Solutions,52.390633,4.914049
674,Elite Solutions,51.851212,4.331713
675,Elite Solutions,52.310486,5.033738
676,Elite Solutions,51.588131,4.317293
677,Elite Solutions,51.263882,5.709867
678,Modern Technologies,51.360386,5.447632
679,Modern Technologies,52.193703,6.900789
680,Modern Technologies,51.791855,4.664383
681,Modern Technologies,50.894142,6.060411
682,Modern Technologies,51.983269,5.915017
683,Modern Technologies,52.601379,6.45536
684,Modern Technologies,52.139782,4.530423000000001
685,Modern Technologies,51.737759,5.089778
686,Modern Technologies,51.362499,5.16139
687,Modern Technologies,51.94025,4.47945
688,Modern Technologies,51.806664000000005,5.7274
689,Modern Technologies,53.170521,5.416175
690,Modern Technologies,52.086086,4.9049
691,Modern Technologies,52.519806,5.483
692,Modern Technologies,52.380054,4.899697
693,Modern Technologies,52.977985,6.48348
694,Modern Technologies,51.965591,4.606148999999999
695,Modern Technologies,53.225334,6.527607
716,Visionary Consulting,51.58448,5.1422360000000005
717,Visionary Consulting,51.934361,5.628658000000001
718,Visionary Consulting,52.031151,4.28754
719,Visionary Consulting,50.864433,6.004038
720,Visionary Consulting,51.674553,4.78356
721,Visionary Consulting,52.154682,5.375134
722,Visionary Consulting,52.215748,5.9619800000000005
723,Visionary Consulting,53.26178,6.037842
724,Visionary Consulting,52.342903,5.228763
725,Visionary Consulting,53.21068199999999,6.564325
726,Visionary Consulting,52.714848,6.856992999999999
727,Visionary Consulting,53.125092,5.998893
728,Visionary Consulting,52.095005,4.331799
729,Visionary Consulting,51.983364,5.340934
730,Visionary Consulting,53.136929,6.42889
731,Visionary Consulting,52.388126,4.638226
732,Visionary Consulting,51.453083,3.586242
733,Visionary Consulting,51.395931,3.548912
734,Visionary Consulting,52.496674,4.664267
735,Visionary Consulting,52.645599,4.749492
736,Visionary Consulting,51.504513,5.31326
737,Visionary Consulting,52.127781,4.588355
738,Visionary Consulting,52.398663,4.644381
762,Modern Partners,51.823101,3.908591
763,Modern Partners,53.11142,6.885773
764,Modern Partners,52.135708,5.586771
765,Modern Partners,51.55727,5.68376
766,Modern Partners,52.856655,6.987946000000001
767,Modern Partners,52.195011,6.005522
768,Modern Partners,52.860645,6.517156
769,Modern Partners,51.68684,5.135548
770,Modern Partners,52.44149,4.875754
771,Modern Partners,52.155128000000005,4.494127
772,Modern Partners,52.350571,4.621575
773,Modern Partners,51.971794,5.728239
774,Modern Partners,52.601379,6.45536
775,Modern Partners,50.887661,5.99678
776,Modern Partners,51.874786,4.466694
777,Modern Partners,51.884956,4.5122480000000005
778,Modern Partners,51.582977,5.176495
779,Modern Partners,53.007996,6.568708
780,Modern Partners,52.116001,5.128069
781,Modern Partners,51.368237,6.149932
782,Modern Partners,51.772125,5.536838
783,Modern Partners,51.856258,4.420474
784,Dynamic Corporation,51.587162,5.334548000000001
785,Dynamic Corporation,52.388168,5.178269
786,Dynamic Corporation,51.64896,5.474725
787,Dynamic Corporation,51.83691,4.99292
788,Dynamic Corporation,52.854591000000006,5.025642
789,Dynamic Corporation,51.546741,5.0850610000000005
790,Dynamic Corporation,52.00238,4.16256
791,Dynamic Corporation,52.957359,5.923781
792,Dynamic Corporation,51.4403,5.45306
793,Dynamic Corporation,52.784431000000005,4.787146
794,Dynamic Corporation,51.96106,5.859301
795,Dynamic Corporation,51.856804,4.418169
796,Dynamic Corporation,52.227039000000005,6.193849
797,Dynamic Corporation,52.935608,4.770253
798,Dynamic Corporation,52.3894,4.879656
799,Dynamic Corporation,52.103466,6.314483999999999
800,Dynamic Corporation,50.77319,5.70874
801,Dynamic Corporation,52.361549,4.94068
802,Dynamic Corporation,52.714211,6.860989999999999
803,Dynamic Corporation,52.650391000000006,5.060714
823,Green Ventures,51.94379,4.3814470000000005
824,Green Ventures,51.358479,6.16041
825,Green Ventures,52.57317,6.621105
826,Green Ventures,51.479271,5.46338
827,Green Ventures,52.788307,4.801444999999999
828,Green Ventures,50.989788,5.847365
829,Green Ventures,51.523144,4.272263
830,Green Ventures,51.928711,4.501380999999999
831,Green Ventures,51.520603,4.388977
832,Green Ventures,52.772373,6.956603
833,Green Ventures,52.100899,5.22216
834,Green Ventures,51.959785,6.213943
835,Green Ventures,51.85582,4.389601
836,Green Ventures,52.37867,4.883832
837,Green Ventures,52.294353,4.957171
838,Green Ventures,51.916355,4.500183
839,Green Ventures,51.934525,4.428354
840,Green Ventures,50.852283,5.71389
841,Green Ventures,52.386963,4.621999
842,Green Ventures,52.302429,6.520061
843,Swift Partners,51.80928,4.99966
844,Swift Partners,52.37138,4.85796
845,Swift Partners,51.58836,5.309029
846,Swift Partners,52.346298,4.902778
847,Swift Partners,52.148029,4.773509
848,Swift Partners,52.378963,4.548502
849,Swift Partners,52.261631,6.708548
850,Swift Partners,52.488316000000005,4.752644
851,Swift Partners,52.482262,4.66087
852,Swift Partners,51.49358,4.311092
853,Swift Partners,51.485439,4.29133
854,Swift Partners,53.034069,5.655403
855,Swift Partners,52.143841,4.67468
856,Swift Partners,52.009892,4.69993
857,Swift Partners,51.619961,4.94346
858,Swift Partners,51.682514000000005,5.12965
859,Swift Partners,52.079197,4.320126999999999
860,Swift Partners,51.488594,5.440603
861,Swift Partners,51.81023,4.6550650000000005
862,Swift Partners,51.358429,4.393491
863,Swift Partners,52.086639,4.74644
864,Swift Partners,52.316193,6.930648
865,Swift Partners,53.24646,6.58757
866,Dynamic Solutions,51.791855,4.664383
867,Dynamic Solutions,51.367985,5.22083
868,Dynamic Solutions,51.522461,4.464307
869,Dynamic Solutions,51.823593,5.798502
870,Dynamic Solutions,52.83614,4.755481
871,Dynamic Solutions,52.074299,5.094664
872,Dynamic Solutions,52.08614,4.336537
873,Dynamic Solutions,51.696934000000006,5.972855
874,Dynamic Solutions,50.894363,6.016278
875,Dynamic Solutions,52.064175,4.514945
876,Dynamic Solutions,51.384407,5.763859
877,Dynamic Solutions,51.941845,6.619307000000001
878,Dynamic Solutions,52.766747,5.102663
879,Dynamic Solutions,52.330364,5.541457
880,Dynamic Solutions,52.512856000000006,4.959582
881,Dynamic Solutions,51.543289,4.476654
882,Visionary Group,51.58836,4.54408
883,Visionary Group,52.389263,5.231449
884,Visionary Group,52.697304,5.20638
885,Visionary Group,52.352432,4.852367
886,Visionary Group,52.529194,6.433003
887,Visionary Group,51.519653000000005,5.965038
888,Visionary Group,51.471706,3.819597
889,Visionary Group,53.199814,5.816309
890,Visionary Group,52.090763,4.957715
891,Visionary Group,51.562359,3.497259
892,Visionary Group,51.80101,4.679895
893,Visionary Group,52.00238,4.16256
894,Visionary Group,51.646103,5.950882
895,Visionary Group,52.66222,4.828880000000001
896,Visionary Group,52.137367,5.427718
897,Visionary Group,52.220108,6.927061999999999
898,Modern Corporation,51.427559,5.465047
899,Modern Corporation,52.357304,4.891811
900,Modern Corporation,52.359459,6.586180000000001
901,Modern Corporation,52.547291,4.662311
902,Modern Corporation,52.202171,6.202666000000001
903,Modern Corporation,53.23819399999999,6.623806
904,Modern Corporation,51.894337,6.381132
905,Modern Corporation,50.959843,5.831795
906,Modern Corporation,52.386131,5.269931
907,Modern Corporation,52.359138,4.802557
908,Modern Corporation,53.112862,6.110769
909,Modern Corporation,52.060406,4.540207
910,Modern Corporation,52.715763,6.484362
911,Modern Corporation,52.138821,5.039037
912,Modern Corporation,51.949249,5.20642
913,Modern Corporation,51.209068,5.949041
914,Modern Corporation,51.533302,4.465179
915,Modern Corporation,52.129089,5.038161
916,Modern Corporation,51.853889,4.541214
917,Modern Corporation,52.510777,4.668353
918,Modern Corporation,51.873802000000005,4.586526
919,Modern Corporation,51.821503,5.851338
920,Modern Corporation,52.364468,6.465567
921,Modern Corporation,52.49389300000001,4.657702
922,Modern Corporation,51.873589,6.24611
938,Dynamic Consulting,51.521698,5.992614
939,Dynamic Consulting,51.261719,4.051863
940,Dynamic Consulting,52.698536,6.188624
941,Dynamic Consulting,51.53112,4.453111
942,Dynamic Consulting,52.150631,4.661277
943,Dynamic Consulting,52.413982,5.8829970000000005
944,Dynamic Consulting,51.644085,5.655073000000001
945,Dynamic Consulting,52.19931,6.638679
946,Dynamic Consulting,53.256824,5.764418
947,Dynamic Consulting,51.962521,5.92075
948,Dynamic Consulting,52.861431,4.83292
949,Dynamic Consulting,51.946819,4.852675
950,Dynamic Consulting,51.479271,5.46338
951,Dynamic Consulting,52.151531,4.660426999999999
952,Dynamic Consulting,51.492901,4.274209
953,Dynamic Partners,53.147221,6.566307000000001
954,Dynamic Partners,51.332382,3.84753
955,Dynamic Partners,52.696976,5.117591
956,Dynamic Partners,51.359234,6.180864
957,Dynamic Partners,52.520969,4.96201
958,Dynamic Partners,51.170933000000005,5.819096
959,Dynamic Partners,52.355206,4.620652
960,Dynamic Partners,52.492485,4.692416000000001
961,Dynamic Partners,52.371395,4.529775
962,Dynamic Partners,52.159496,6.729669
963,Dynamic Partners,53.129082,5.478205
964,Dynamic Partners,52.720413,5.729949
965,Dynamic Partners,52.226490000000005,5.177698
966,Dynamic Partners,51.603947,6.054809
967,Dynamic Partners,52.377937,4.6186940000000005
968,Dynamic Partners,52.030594,5.654088
969,Dynamic Partners,51.442921000000005,5.619453
970,Dynamic Partners,52.017315,5.039022
971,Dynamic Partners,51.423546,4.328892
972,Dynamic Partners,52.082203,4.322618
973,Dynamic Partners,51.562054,5.0746720000000005
974,Dynamic Partners,51.822647,4.395904
975,Dynamic Partners,52.303177000000005,4.677549
999,Modern Solutions,52.253384,4.764716
1000,Modern Solutions,51.879471,5.837613
1001,Modern Solutions,50.88409,5.977301000000001
1002,Modern Solutions,51.377594,6.180149
1003,Modern Solutions,52.252392,5.611487
1004,Elite Industries,52.301762,4.874407
1005,Elite Industries,52.362465,4.913075
1006,Elite Industries,52.139595,6.210289
1007,Elite Industries,51.607353,4.746425
1008,Elite Industries,51.422184,5.735569
1009,Elite Industries,52.048023,6.309369
1010,Elite Industries,53.337029,6.300662
1011,Elite Industries,51.890682,6.384168
1012,Elite Corporation,51.840839,5.839759
1013,Elite Corporation,52.074196,5.095043
1014,Elite Corporation,52.207069,4.86029
1015,Elite Corporation,52.28484,4.577787
1016,Elite Corporation,52.116001,5.128069
1017,Elite Corporation,52.95930500000001,5.872152
1018,Swift Solutions,52.448189,5.899847
1019,Swift Solutions,52.158699,5.378542
1020,Swift Solutions,51.51334,4.437685
1021,Swift Solutions,51.931885,4.345898
1022,Swift Solutions,51.446358,4.04274
1023,Swift Solutions,52.378326,4.90041
1024,Visionary Solutions,52.158409000000006,5.379532
1025,Visionary Solutions,52.170807,4.534835
1026,Visionary Solutions,50.863197,5.83375
1027,Visionary Solutions,52.118851,6.5249440000000005
1028,Visionary Solutions,51.971138,6.712263
1029,Visionary Solutions,51.923161,4.62241
1030,Visionary Solutions,51.420235,5.2897
1031,Modern Networks,52.43866,4.812017
1032,Modern Networks,52.410461,6.89836
1033,Modern Networks,52.338646,4.7775300000000005
1034,Modern Networks,52.927181,7.01761
1035,Modern Networks,51.906063,5.565069
1036,Modern Networks,52.158699,5.378542
1037,Pioneer Enterprises,51.870903000000006,4.604235
1038,Pioneer Enterprises,52.775509,6.894639999999999
1039,Pioneer Enterprises,51.8102,4.63733
1040,Pioneer Enterprises,50.945316,5.971508999999999
1041,Pioneer Enterprises,52.380054,4.899697
1042,Pioneer Enterprises,52.361549,4.94068
1043,Pioneer Enterprises,51.309231,3.778164
1044,Pioneer Enterprises,52.799,6.896683
1045,Pioneer Enterprises,52.021797,4.218062000000001
1046,Dynamic Enterprises,52.080544,4.26788
1047,Dynamic Enterprises,52.510071,5.473269999999999
1048,Dynamic Enterprises,52.65576899999999,4.75776
1049,Dynamic Enterprises,51.420723,5.406116
1050,Dynamic Enterprises,52.065697,4.317823000000001
1051,Dynamic Enterprises,51.42263,5.485685
1052,Dynamic Enterprises,52.383263,4.6042510000000005
1053,Dynamic Ventures,51.690418,5.329953
1054,Dynamic Ventures,52.129402,5.190471
1055,Dynamic Ventures,52.212318,6.865317
1056,Dynamic Ventures,51.886677,4.548312
1057,Dynamic Ventures,51.924789,4.5136400000000005
1058,Dynamic Ventures,52.646465,5.052159
1059,Dynamic Ventures,51.89061,5.093459999999999
1060,Dynamic Ventures,52.075516,4.358499
1061,Dynamic Ventures,51.661072,5.229984
1062,Dynamic Ventures,51.890198,5.080131
1063,Global Networks,52.711823,5.758072
1064,Global Networks,52.722237,4.738335
1065,Global Networks,51.549782,4.0779
1066,Global Networks,52.235901,6.090443
1067,Global Networks,52.301601,6.752451
1068,Global Networks,53.092846,6.6813910000000005
1069,Global Networks,52.086639,4.74644
1070,Global Networks,52.005955,5.553395
1071,Global Networks,52.256512,6.161398999999999
1072,Global Networks,51.880955,5.434308000000001
1073,Swift Group,51.965591,4.606148999999999
1074,Swift Group,52.23135,6.88956
1075,Swift Group,51.159203000000005,5.941479
1076,Swift Group,52.061275,5.576127
1077,Swift Group,52.72423199999999,6.50822
1078,Swift Group,52.746498,4.904489
1079,Swift Group,50.946457,5.774321
1080,Swift Group,52.155128000000005,4.494127
1081,Swift Group,51.934471,4.42858
1082,Pioneer Group,51.823593,5.798502
1083,Pioneer Group,52.33548,4.859922
1084,Pioneer Group,52.446171,4.847414
1085,Pioneer Group,52.989479,6.29171
1086,Pioneer Group,51.556599,5.078741
1087,Pioneer Group,51.488277,4.29129
1088,Modern Industries,50.930103,5.974184999999999
1089,Modern Industries,52.118851,6.5249440000000005
1090,Modern Industries,52.08075,4.3979550000000005
1091,Modern Industries,51.46228,3.552079
1092,Modern Industries,52.316757,6.927969
1093,Modern Industries,52.454163,4.811947
1094,Modern Industries,51.769508,4.44494
1095,Modern Industries,52.370487,5.781029
1096,Global Partners,51.821217,4.260314
1097,Global Partners,51.893185,4.580428
1098,Global Partners,51.36652,6.131075
1099,Global Partners,53.185104,5.789708
1100,Global Partners,52.043129,4.260796
1101,Global Partners,51.921787,4.55728
1102,Global Partners,51.958302,4.544951
1103,Global Partners,52.455433,5.693386
1104,Global Partners,52.103466,6.314483999999999
1105,Global Partners,53.00376899999999,6.066415
1106,NextGen Networks,52.632267000000006,4.751939
1107,NextGen Networks,52.300205,6.755996000000001
1108,NextGen Networks,52.141071,4.471607
1109,NextGen Networks,52.215824,4.511586
1110,NextGen Networks,51.505119,4.861033
1111,NextGen Group,51.92955,4.402537000000001
1112,NextGen Group,52.029121,4.288151
1113,NextGen Group,52.786961,6.110723999999999
1114,NextGen Group,52.088352,4.870138
1115,NextGen Group,51.605827000000005,5.446227
1116,NextGen Group,51.831219,4.975046
1117,NextGen Group,50.924942,5.92628
1118,Innovative Consulting,52.776230000000005,6.896062
1119,Innovative Consulting,51.833508,4.318684999999999
1120,Innovative Consulting,52.907036,4.960792
1121,Innovative Consulting,51.691132,5.08467
1122,Innovative Consulting,52.129948,4.6644
1123,Innovative Consulting,52.017273,5.178089
1124,Innovative Consulting,52.44706,5.897812
1125,Modern Ventures,52.359840000000005,4.861943
1126,Modern Ventures,51.445,3.570239
1127,Modern Ventures,51.488403000000005,5.667497
1128,Modern Ventures,52.155052000000005,4.499071
1129,Modern Ventures,52.284592,6.827428
1130,Modern Ventures,52.227039000000005,6.193849
1131,Modern Ventures,52.208839000000005,5.943724
